id,firstname,lastname,email,goals,position,assists
100,Gusty,Laurianne,Gusty.Laurianne@yopmail.com,2,attacker,1
101,Desirae,Japeth,Desirae.Japeth@yopmail.com,8,midfielder,5
102,Libbie,Tengdin,Libbie.Tengdin@yopmail.com,4,attacker,7
103,Susan,Codding,Susan.Codding@yopmail.com,8,midfielder,7
104,Amii,Kronfeld,Amii.Kronfeld@yopmail.com,6,midfielder,5
105,Mureil,Stelle,Mureil.Stelle@yopmail.com,4,midfielder,7
106,Diena,Colyer,Diena.Colyer@yopmail.com,8,attacker,0
107,Tami,Lasley,Tami.Lasley@yopmail.com,7,defender,1
108,Dagmar,Craggie,Dagmar.Craggie@yopmail.com,0,attacker,5
109,Alyssa,Primalia,Alyssa.Primalia@yopmail.com,8,midfielder,0
110,Florie,Girardo,Florie.Girardo@yopmail.com,6,midfielder,1
111,Vita,Syd,Vita.Syd@yopmail.com,1,defender,1
112,Roz,Chauncey,Roz.Chauncey@yopmail.com,5,attacker,2
113,Edyth,Arathorn,Edyth.Arathorn@yopmail.com,3,attacker,2
114,Rozele,Cornelia,Rozele.Cornelia@yopmail.com,2,defender,1
115,Monika,Melan,Monika.Melan@yopmail.com,0,attacker,7
116,Rayna,Stover,Rayna.Stover@yopmail.com,0,attacker,5
117,Rebeca,Suk,Rebeca.Suk@yopmail.com,3,midfielder,1
118,Nelle,Nahum,Nelle.Nahum@yopmail.com,1,midfielder,6
119,Corina,Primalia,Corina.Primalia@yopmail.com,1,defender,7
120,Tomasina,Zamora,Tomasina.Zamora@yopmail.com,4,defender,7
121,Mathilda,Pillsbury,Mathilda.Pillsbury@yopmail.com,4,midfielder,0
122,Alyssa,Sophronia,Alyssa.Sophronia@yopmail.com,4,defender,3
123,Rebeca,Baudin,Rebeca.Baudin@yopmail.com,6,attacker,6
124,Gale,Dyche,Gale.Dyche@yopmail.com,8,midfielder,2
125,Tabbatha,Felizio,Tabbatha.Felizio@yopmail.com,8,attacker,0
126,Meg,Kamaria,Meg.Kamaria@yopmail.com,3,attacker,1
127,Roslyn,Wyn,Roslyn.Wyn@yopmail.com,8,midfielder,6
128,Abbie,Maurine,Abbie.Maurine@yopmail.com,5,attacker,5
129,Blake,Thomasina,Blake.Thomasina@yopmail.com,2,midfielder,7
130,Evita,Iaverne,Evita.Iaverne@yopmail.com,2,attacker,7
131,Vonny,Nahum,Vonny.Nahum@yopmail.com,1,attacker,0
132,Marti,Kaja,Marti.Kaja@yopmail.com,5,attacker,6
133,Selia,Prober,Selia.Prober@yopmail.com,0,attacker,6
134,Renie,Corrine,Renie.Corrine@yopmail.com,3,attacker,3
135,Ulrike,Hurley,Ulrike.Hurley@yopmail.com,5,defender,8
136,Christal,Hollingsworth,Christal.Hollingsworth@yopmail.com,4,defender,3
137,Korrie,Kendrick,Korrie.Kendrick@yopmail.com,4,attacker,2
138,Alexine,Naashom,Alexine.Naashom@yopmail.com,3,attacker,1
139,Gretal,Kendrick,Gretal.Kendrick@yopmail.com,8,defender,0
140,Jennica,Ball,Jennica.Ball@yopmail.com,5,attacker,7
141,Shaine,Chabot,Shaine.Chabot@yopmail.com,7,attacker,3
142,Lindie,Aida,Lindie.Aida@yopmail.com,3,midfielder,5
143,Annecorinne,Cottle,Annecorinne.Cottle@yopmail.com,0,midfielder,0
144,Valera,Fitzsimmons,Valera.Fitzsimmons@yopmail.com,5,midfielder,1
145,Dale,Howlyn,Dale.Howlyn@yopmail.com,1,attacker,0
146,Gui,Kat,Gui.Kat@yopmail.com,8,midfielder,5
147,Dione,Aaberg,Dione.Aaberg@yopmail.com,8,defender,0
148,Emmey,Paine,Emmey.Paine@yopmail.com,8,defender,6
149,Florie,Hamil,Florie.Hamil@yopmail.com,8,defender,5
150,Modestia,Annabella,Modestia.Annabella@yopmail.com,3,midfielder,7
151,Lory,Sawtelle,Lory.Sawtelle@yopmail.com,2,defender,5
152,Elfreda,Silvan,Elfreda.Silvan@yopmail.com,6,attacker,2
153,Sue,Chandler,Sue.Chandler@yopmail.com,1,midfielder,1
154,Dari,Scammon,Dari.Scammon@yopmail.com,2,defender,0
155,Roberta,Fillbert,Roberta.Fillbert@yopmail.com,4,midfielder,8
156,Thalia,Knowling,Thalia.Knowling@yopmail.com,8,midfielder,8
157,Gertrud,Brackely,Gertrud.Brackely@yopmail.com,4,midfielder,3
158,Dominga,Stacy,Dominga.Stacy@yopmail.com,0,midfielder,1
159,Lizzie,Levey,Lizzie.Levey@yopmail.com,0,midfielder,5
160,Carlie,Gregrory,Carlie.Gregrory@yopmail.com,0,defender,5
161,Evaleen,Tatianas,Evaleen.Tatianas@yopmail.com,4,attacker,4
162,Randa,Hanleigh,Randa.Hanleigh@yopmail.com,8,midfielder,8
163,Patricia,Concha,Patricia.Concha@yopmail.com,2,attacker,5
164,Hope,Brunell,Hope.Brunell@yopmail.com,5,attacker,3
165,Larine,Susannah,Larine.Susannah@yopmail.com,8,defender,6
166,Yolane,Behre,Yolane.Behre@yopmail.com,5,midfielder,8
167,Elise,Gino,Elise.Gino@yopmail.com,0,defender,4
168,Jacenta,Kussell,Jacenta.Kussell@yopmail.com,1,midfielder,3
169,Sophia,Tomasina,Sophia.Tomasina@yopmail.com,7,defender,7
170,Ronna,Raul,Ronna.Raul@yopmail.com,7,defender,8
171,Katuscha,Jena,Katuscha.Jena@yopmail.com,6,defender,5
172,Marjie,Narton,Marjie.Narton@yopmail.com,6,attacker,2
173,Lynde,Medrek,Lynde.Medrek@yopmail.com,8,attacker,0
174,Winifred,Skell,Winifred.Skell@yopmail.com,1,attacker,6
175,Britte,Lea,Britte.Lea@yopmail.com,0,attacker,6
176,Elsie,Kolnick,Elsie.Kolnick@yopmail.com,4,attacker,8
177,Daune,Tatianas,Daune.Tatianas@yopmail.com,2,midfielder,6
178,Pollyanna,Aida,Pollyanna.Aida@yopmail.com,4,defender,0
179,Allyce,Desai,Allyce.Desai@yopmail.com,1,defender,2
180,Taffy,Ariella,Taffy.Ariella@yopmail.com,2,defender,0
181,Aeriela,Colyer,Aeriela.Colyer@yopmail.com,1,attacker,0
182,Ida,Septima,Ida.Septima@yopmail.com,1,attacker,6
183,Claudina,Pip,Claudina.Pip@yopmail.com,7,attacker,3
184,Merle,Curren,Merle.Curren@yopmail.com,2,defender,4
185,Brena,Hessler,Brena.Hessler@yopmail.com,4,defender,1
186,Aeriela,Tatianas,Aeriela.Tatianas@yopmail.com,3,midfielder,5
187,Marcy,Blase,Marcy.Blase@yopmail.com,5,defender,4
188,Ricky,Boycey,Ricky.Boycey@yopmail.com,5,midfielder,6
189,Sarette,Thad,Sarette.Thad@yopmail.com,8,midfielder,8
190,Amara,Greyson,Amara.Greyson@yopmail.com,2,attacker,3
191,Mignon,Pozzy,Mignon.Pozzy@yopmail.com,0,attacker,6
192,Rivalee,Goddard,Rivalee.Goddard@yopmail.com,0,midfielder,3
193,Dianemarie,Ellord,Dianemarie.Ellord@yopmail.com,0,midfielder,0
194,Sean,Chem,Sean.Chem@yopmail.com,0,midfielder,1
195,Kimmy,Blase,Kimmy.Blase@yopmail.com,5,attacker,8
196,Dulcinea,Arquit,Dulcinea.Arquit@yopmail.com,8,attacker,4
197,Tami,Ochs,Tami.Ochs@yopmail.com,4,midfielder,3
198,Vere,Eckblad,Vere.Eckblad@yopmail.com,5,defender,7
199,Janeczka,Jess,Janeczka.Jess@yopmail.com,3,defender,0
200,Dacia,Vilma,Dacia.Vilma@yopmail.com,3,attacker,0
201,Deedee,Wadell,Deedee.Wadell@yopmail.com,4,midfielder,4
202,Bobbi,Buckler,Bobbi.Buckler@yopmail.com,3,midfielder,2
203,Dari,Tatianas,Dari.Tatianas@yopmail.com,5,midfielder,4
204,Michaelina,Jary,Michaelina.Jary@yopmail.com,4,attacker,8
205,Cam,Tremayne,Cam.Tremayne@yopmail.com,6,attacker,2
206,Carree,Hachmin,Carree.Hachmin@yopmail.com,2,attacker,0
207,Chandra,Yusuk,Chandra.Yusuk@yopmail.com,2,attacker,1
208,Bobbi,Sandye,Bobbi.Sandye@yopmail.com,6,attacker,2
209,Hermione,Mathilde,Hermione.Mathilde@yopmail.com,1,midfielder,5
210,Helsa,Thomasina,Helsa.Thomasina@yopmail.com,6,attacker,3
211,Ofilia,Bahr,Ofilia.Bahr@yopmail.com,3,attacker,7
212,Joane,Berriman,Joane.Berriman@yopmail.com,3,midfielder,5
213,Tybie,Etom,Tybie.Etom@yopmail.com,5,midfielder,5
214,Hyacinthe,Liebermann,Hyacinthe.Liebermann@yopmail.com,3,midfielder,8
215,Cecile,Edvard,Cecile.Edvard@yopmail.com,0,defender,3
216,Bobbi,Edee,Bobbi.Edee@yopmail.com,1,midfielder,2
217,Antonietta,Wittie,Antonietta.Wittie@yopmail.com,2,defender,4
218,Nickie,Shama,Nickie.Shama@yopmail.com,6,attacker,6
219,Meghann,Herrera,Meghann.Herrera@yopmail.com,5,attacker,7
220,Hope,Tybald,Hope.Tybald@yopmail.com,1,defender,7
221,Leia,Zamora,Leia.Zamora@yopmail.com,4,defender,4
222,Dolli,Raul,Dolli.Raul@yopmail.com,0,midfielder,3
223,Winifred,Klemperer,Winifred.Klemperer@yopmail.com,1,defender,3
224,Dania,Chauncey,Dania.Chauncey@yopmail.com,5,defender,1
225,Joeann,Ahab,Joeann.Ahab@yopmail.com,1,attacker,8
226,Nadine,Means,Nadine.Means@yopmail.com,3,defender,1
227,Deedee,Kravits,Deedee.Kravits@yopmail.com,5,defender,6
228,Bee,Kare,Bee.Kare@yopmail.com,7,midfielder,6
229,Betta,Johnsson,Betta.Johnsson@yopmail.com,7,attacker,2
230,Alexine,Parette,Alexine.Parette@yopmail.com,8,attacker,3
231,Modestia,Juan,Modestia.Juan@yopmail.com,1,midfielder,1
232,Joceline,Wareing,Joceline.Wareing@yopmail.com,0,defender,3
233,Tabbatha,Dreda,Tabbatha.Dreda@yopmail.com,1,defender,0
234,Iseabal,Bluh,Iseabal.Bluh@yopmail.com,3,attacker,8
235,Kelly,Cohdwell,Kelly.Cohdwell@yopmail.com,0,defender,2
236,Marinna,Weaks,Marinna.Weaks@yopmail.com,4,midfielder,0
237,Kamilah,Roxanna,Kamilah.Roxanna@yopmail.com,4,defender,4
238,Donnie,Gaynor,Donnie.Gaynor@yopmail.com,1,defender,2
239,Delilah,Miru,Delilah.Miru@yopmail.com,4,attacker,5
240,Hannis,Swanhildas,Hannis.Swanhildas@yopmail.com,8,attacker,8
241,Shell,Clie,Shell.Clie@yopmail.com,8,defender,4
242,Anica,Armanda,Anica.Armanda@yopmail.com,1,defender,5
243,Florencia,Ephrem,Florencia.Ephrem@yopmail.com,4,attacker,7
244,Courtnay,An,Courtnay.An@yopmail.com,2,attacker,2
245,Sean,Amand,Sean.Amand@yopmail.com,7,midfielder,1
246,Nonnah,Marijo,Nonnah.Marijo@yopmail.com,4,attacker,8
247,Korrie,Linskey,Korrie.Linskey@yopmail.com,7,attacker,6
248,Hildegaard,Lea,Hildegaard.Lea@yopmail.com,2,attacker,1
249,Sheree,Tound,Sheree.Tound@yopmail.com,8,defender,7
250,Jan,Brandice,Jan.Brandice@yopmail.com,3,attacker,8
251,Morganica,Chandler,Morganica.Chandler@yopmail.com,4,defender,8
252,Cassondra,Macey,Cassondra.Macey@yopmail.com,1,defender,2
253,Atlanta,Mich,Atlanta.Mich@yopmail.com,0,midfielder,0
254,Courtnay,Bonucci,Courtnay.Bonucci@yopmail.com,5,midfielder,0
255,Minda,Weitman,Minda.Weitman@yopmail.com,8,defender,2
256,Edee,Wareing,Edee.Wareing@yopmail.com,4,defender,5
257,Audrie,Sasnett,Audrie.Sasnett@yopmail.com,5,midfielder,1
258,Shirlee,Maisey,Shirlee.Maisey@yopmail.com,4,midfielder,1
259,Valeda,McCutcheon,Valeda.McCutcheon@yopmail.com,0,defender,5
260,Kathy,Gillan,Kathy.Gillan@yopmail.com,8,attacker,6
261,Natka,Lubin,Natka.Lubin@yopmail.com,4,defender,3
262,Trixi,Sadowski,Trixi.Sadowski@yopmail.com,8,defender,6
263,Lila,Lytton,Lila.Lytton@yopmail.com,2,attacker,8
264,Alleen,Clarissa,Alleen.Clarissa@yopmail.com,1,midfielder,7
265,Ira,Cosenza,Ira.Cosenza@yopmail.com,1,defender,4
266,Genovera,Oster,Genovera.Oster@yopmail.com,2,defender,8
267,Aurore,Morgun,Aurore.Morgun@yopmail.com,7,defender,6
268,Kenna,Annice,Kenna.Annice@yopmail.com,8,attacker,8
269,Wynne,Delp,Wynne.Delp@yopmail.com,6,midfielder,8
270,Tani,Mott,Tani.Mott@yopmail.com,8,attacker,4
271,Correy,Baylor,Correy.Baylor@yopmail.com,0,attacker,4
272,Tera,Hertzfeld,Tera.Hertzfeld@yopmail.com,5,defender,5
273,Tina,Granoff,Tina.Granoff@yopmail.com,6,midfielder,1
274,Margette,Dituri,Margette.Dituri@yopmail.com,6,midfielder,7
275,Keelia,Arley,Keelia.Arley@yopmail.com,2,midfielder,4
276,Cyb,Vharat,Cyb.Vharat@yopmail.com,3,midfielder,7
277,Melina,Torray,Melina.Torray@yopmail.com,6,defender,7
278,Amii,Dawkins,Amii.Dawkins@yopmail.com,6,attacker,4
279,Ileana,Vacuva,Ileana.Vacuva@yopmail.com,5,defender,5
280,Juliane,Genna,Juliane.Genna@yopmail.com,4,attacker,5
281,Emelina,Peg,Emelina.Peg@yopmail.com,6,defender,4
282,Annaliese,Erskine,Annaliese.Erskine@yopmail.com,0,defender,0
283,Cathyleen,Gillan,Cathyleen.Gillan@yopmail.com,6,attacker,5
284,Eolanda,Cecile,Eolanda.Cecile@yopmail.com,5,attacker,8
285,Sybille,Heisel,Sybille.Heisel@yopmail.com,4,defender,8
286,Verla,Fairweather,Verla.Fairweather@yopmail.com,8,defender,6
287,Lorne,Meli,Lorne.Meli@yopmail.com,5,defender,6
288,Carly,Loeb,Carly.Loeb@yopmail.com,3,attacker,7
289,Gratia,Penelopa,Gratia.Penelopa@yopmail.com,2,midfielder,8
290,Joceline,Esmaria,Joceline.Esmaria@yopmail.com,5,defender,0
291,Marylou,Riordan,Marylou.Riordan@yopmail.com,5,midfielder,0
292,Bibby,Adalbert,Bibby.Adalbert@yopmail.com,5,midfielder,4
293,Kimberley,Newell,Kimberley.Newell@yopmail.com,6,defender,1
294,Kristina,Suk,Kristina.Suk@yopmail.com,8,midfielder,8
295,Sonni,Brotherson,Sonni.Brotherson@yopmail.com,2,attacker,2
296,Violet,Skell,Violet.Skell@yopmail.com,1,midfielder,7
297,Regina,Maxi,Regina.Maxi@yopmail.com,4,attacker,7
298,Moyna,Gemini,Moyna.Gemini@yopmail.com,4,attacker,2
299,Fernande,Celestine,Fernande.Celestine@yopmail.com,2,attacker,6
300,Ottilie,Tatianas,Ottilie.Tatianas@yopmail.com,6,defender,4
301,Jaime,Cordi,Jaime.Cordi@yopmail.com,6,midfielder,6
302,Krystle,Mallon,Krystle.Mallon@yopmail.com,1,midfielder,2
303,Cherrita,Giff,Cherrita.Giff@yopmail.com,0,attacker,1
304,Basia,Manolo,Basia.Manolo@yopmail.com,4,midfielder,2
305,Consuela,Alexandr,Consuela.Alexandr@yopmail.com,3,attacker,3
306,Gusella,Kelula,Gusella.Kelula@yopmail.com,1,midfielder,2
307,Bobinette,Caitlin,Bobinette.Caitlin@yopmail.com,8,attacker,7
308,Consuela,Olin,Consuela.Olin@yopmail.com,5,midfielder,0
309,Dede,Schalles,Dede.Schalles@yopmail.com,1,attacker,1
310,Ginnie,Zina,Ginnie.Zina@yopmail.com,8,midfielder,4
311,Drucie,Ader,Drucie.Ader@yopmail.com,7,midfielder,8
312,Latisha,Alabaster,Latisha.Alabaster@yopmail.com,6,defender,3
313,Marsiella,Anyah,Marsiella.Anyah@yopmail.com,1,midfielder,7
314,Ulrike,Nicoline,Ulrike.Nicoline@yopmail.com,1,defender,3
315,Teriann,Kristi,Teriann.Kristi@yopmail.com,2,midfielder,8
316,Edyth,Franza,Edyth.Franza@yopmail.com,7,midfielder,5
317,Susette,Tannie,Susette.Tannie@yopmail.com,7,attacker,8
318,Gianina,Laurianne,Gianina.Laurianne@yopmail.com,2,attacker,5
319,Helsa,Darrell,Helsa.Darrell@yopmail.com,8,attacker,7
320,Florencia,Travax,Florencia.Travax@yopmail.com,6,midfielder,0
321,Rosabelle,Revkah,Rosabelle.Revkah@yopmail.com,4,midfielder,5
322,Gloria,Zamora,Gloria.Zamora@yopmail.com,0,attacker,3
323,Catrina,Sancho,Catrina.Sancho@yopmail.com,7,midfielder,2
324,Lilith,Darbie,Lilith.Darbie@yopmail.com,5,midfielder,6
325,Alyda,Greyson,Alyda.Greyson@yopmail.com,4,midfielder,2
326,Kimmy,Secrest,Kimmy.Secrest@yopmail.com,1,attacker,8
327,Pamella,Braun,Pamella.Braun@yopmail.com,4,attacker,4
328,Tami,Grayce,Tami.Grayce@yopmail.com,3,midfielder,3
329,Rhea,Ethban,Rhea.Ethban@yopmail.com,8,defender,3
330,Mady,Magdalen,Mady.Magdalen@yopmail.com,4,midfielder,1
331,Codie,Harriman,Codie.Harriman@yopmail.com,7,midfielder,3
332,Vanessa,Bord,Vanessa.Bord@yopmail.com,7,midfielder,0
333,Ethel,Torray,Ethel.Torray@yopmail.com,6,defender,8
334,Molli,Munn,Molli.Munn@yopmail.com,8,midfielder,4
335,Raf,Konyn,Raf.Konyn@yopmail.com,2,attacker,4
336,Fayre,Bach,Fayre.Bach@yopmail.com,8,defender,5
337,Darlleen,Billye,Darlleen.Billye@yopmail.com,0,attacker,2
338,Donnie,Clara,Donnie.Clara@yopmail.com,5,attacker,1
339,Candi,Emanuel,Candi.Emanuel@yopmail.com,0,attacker,5
340,Dolli,Pitt,Dolli.Pitt@yopmail.com,7,midfielder,3
341,Marguerite,Dyche,Marguerite.Dyche@yopmail.com,2,midfielder,4
342,Melodie,Marden,Melodie.Marden@yopmail.com,0,defender,2
343,Valeda,Trace,Valeda.Trace@yopmail.com,8,attacker,1
344,Carree,Ventre,Carree.Ventre@yopmail.com,6,attacker,8
345,Britni,Pascia,Britni.Pascia@yopmail.com,6,midfielder,2
346,Aurore,Baudin,Aurore.Baudin@yopmail.com,1,defender,1
347,Sheree,Drisko,Sheree.Drisko@yopmail.com,1,attacker,0
348,Blake,Montgomery,Blake.Montgomery@yopmail.com,0,defender,0
349,Almeta,Munn,Almeta.Munn@yopmail.com,4,defender,3
350,Ann-Marie,Esmaria,Ann-Marie.Esmaria@yopmail.com,2,midfielder,5
351,Abbie,Dituri,Abbie.Dituri@yopmail.com,0,midfielder,4
352,Xylina,Elvyn,Xylina.Elvyn@yopmail.com,0,midfielder,7
353,Alie,Cath,Alie.Cath@yopmail.com,1,attacker,2
354,Shirlee,Cottle,Shirlee.Cottle@yopmail.com,0,midfielder,2
355,Bibby,Kelula,Bibby.Kelula@yopmail.com,3,attacker,0
356,Jinny,Fry,Jinny.Fry@yopmail.com,3,midfielder,1
357,Marnia,Tarrant,Marnia.Tarrant@yopmail.com,8,defender,1
358,Maye,Billye,Maye.Billye@yopmail.com,7,midfielder,7
359,Lily,Raul,Lily.Raul@yopmail.com,2,attacker,1
360,Berta,Woodberry,Berta.Woodberry@yopmail.com,7,defender,2
361,Georgetta,Anastatius,Georgetta.Anastatius@yopmail.com,1,attacker,6
362,Jorry,Taam,Jorry.Taam@yopmail.com,8,midfielder,4
363,Modestia,Waite,Modestia.Waite@yopmail.com,2,defender,8
364,Sheelagh,Loeb,Sheelagh.Loeb@yopmail.com,5,defender,5
365,Bettine,Maples,Bettine.Maples@yopmail.com,0,attacker,1
366,Kathi,Barney,Kathi.Barney@yopmail.com,7,midfielder,1
367,Nannie,Glovsky,Nannie.Glovsky@yopmail.com,2,attacker,7
368,Elena,August,Elena.August@yopmail.com,6,attacker,3
369,Kimberley,Infield,Kimberley.Infield@yopmail.com,7,attacker,8
370,Nita,Millda,Nita.Millda@yopmail.com,7,midfielder,7
371,Halette,Erich,Halette.Erich@yopmail.com,3,attacker,7
372,Elfreda,Stoller,Elfreda.Stoller@yopmail.com,8,attacker,1
373,Shauna,Nance,Shauna.Nance@yopmail.com,3,attacker,3
374,Collen,Herrera,Collen.Herrera@yopmail.com,3,midfielder,8
375,Pierette,Swanhildas,Pierette.Swanhildas@yopmail.com,3,midfielder,3
376,Ardeen,Catie,Ardeen.Catie@yopmail.com,2,midfielder,3
377,Delilah,Remmer,Delilah.Remmer@yopmail.com,5,midfielder,4
378,Margarette,Freddi,Margarette.Freddi@yopmail.com,4,defender,6
379,Fred,Holbrook,Fred.Holbrook@yopmail.com,7,defender,4
380,Elfreda,Alarise,Elfreda.Alarise@yopmail.com,8,defender,0
381,Brena,Melleta,Brena.Melleta@yopmail.com,2,defender,2
382,Ellette,Leler,Ellette.Leler@yopmail.com,1,midfielder,8
383,Charlena,Posner,Charlena.Posner@yopmail.com,1,attacker,0
384,Aurore,Margret,Aurore.Margret@yopmail.com,6,defender,6
385,Sharai,Carmena,Sharai.Carmena@yopmail.com,0,defender,2
386,Vita,Vanni,Vita.Vanni@yopmail.com,7,attacker,2
387,Tarra,Vittoria,Tarra.Vittoria@yopmail.com,6,defender,7
388,Demetris,Pulsifer,Demetris.Pulsifer@yopmail.com,4,attacker,2
389,Laurene,Dreda,Laurene.Dreda@yopmail.com,4,midfielder,6
390,Tabbatha,Ailyn,Tabbatha.Ailyn@yopmail.com,1,defender,7
391,Alexine,Shelba,Alexine.Shelba@yopmail.com,3,defender,1
392,Winny,Roarke,Winny.Roarke@yopmail.com,0,midfielder,0
393,Rosaline,Leifeste,Rosaline.Leifeste@yopmail.com,2,attacker,7
394,Imojean,Luhe,Imojean.Luhe@yopmail.com,6,midfielder,2
395,Florencia,Cavan,Florencia.Cavan@yopmail.com,1,defender,4
396,Lolita,Janene,Lolita.Janene@yopmail.com,0,attacker,2
397,Bibby,Carleen,Bibby.Carleen@yopmail.com,6,defender,7
398,Brynna,Taam,Brynna.Taam@yopmail.com,3,midfielder,8
399,Natka,Daegal,Natka.Daegal@yopmail.com,6,attacker,1
400,Ann-Marie,Nester,Ann-Marie.Nester@yopmail.com,4,attacker,0
401,Hildegaard,Urania,Hildegaard.Urania@yopmail.com,0,attacker,6
402,Carolina,Shanley,Carolina.Shanley@yopmail.com,3,midfielder,0
403,Alex,Kaete,Alex.Kaete@yopmail.com,8,defender,1
404,Valera,Lasley,Valera.Lasley@yopmail.com,1,midfielder,3
405,Daune,Rese,Daune.Rese@yopmail.com,5,defender,1
406,Rosabelle,Arley,Rosabelle.Arley@yopmail.com,5,attacker,0
407,Taffy,Sabella,Taffy.Sabella@yopmail.com,7,attacker,7
408,Elie,Cavan,Elie.Cavan@yopmail.com,7,attacker,8
409,Sallie,Zetta,Sallie.Zetta@yopmail.com,1,midfielder,7
410,Carlie,Bryna,Carlie.Bryna@yopmail.com,1,attacker,0
411,Paule,Stevy,Paule.Stevy@yopmail.com,8,midfielder,8
412,Lexine,Nickola,Lexine.Nickola@yopmail.com,1,attacker,2
413,Melodie,Zaslow,Melodie.Zaslow@yopmail.com,3,midfielder,1
414,Emelina,Telfer,Emelina.Telfer@yopmail.com,7,defender,0
415,Monika,Orpah,Monika.Orpah@yopmail.com,8,midfielder,7
416,Margette,Calhoun,Margette.Calhoun@yopmail.com,4,defender,5
417,Arlena,Joachim,Arlena.Joachim@yopmail.com,1,attacker,0
418,Clarice,Hazlett,Clarice.Hazlett@yopmail.com,2,midfielder,2
419,Joceline,Etom,Joceline.Etom@yopmail.com,4,midfielder,2
420,Wendi,Dowski,Wendi.Dowski@yopmail.com,4,midfielder,1
421,Aeriela,Bergman,Aeriela.Bergman@yopmail.com,8,attacker,5
422,Jacquetta,Gaynor,Jacquetta.Gaynor@yopmail.com,7,midfielder,0
423,Merrie,Yuille,Merrie.Yuille@yopmail.com,7,attacker,2
424,Therine,Lea,Therine.Lea@yopmail.com,0,midfielder,0
425,Ketti,Fiann,Ketti.Fiann@yopmail.com,1,defender,7
426,Mellicent,Carolin,Mellicent.Carolin@yopmail.com,1,midfielder,7
427,Marleah,Cleo,Marleah.Cleo@yopmail.com,5,midfielder,1
428,Nerta,Knowling,Nerta.Knowling@yopmail.com,5,attacker,5
429,Meriel,McLaughlin,Meriel.McLaughlin@yopmail.com,7,defender,2
430,Nadine,Strephon,Nadine.Strephon@yopmail.com,4,attacker,0
431,Kassey,Weitman,Kassey.Weitman@yopmail.com,8,midfielder,4
432,Dominga,Phyllis,Dominga.Phyllis@yopmail.com,7,defender,7
433,Clarice,Cadmar,Clarice.Cadmar@yopmail.com,3,midfielder,7
434,Melina,Harriman,Melina.Harriman@yopmail.com,5,defender,7
435,Amara,Bennie,Amara.Bennie@yopmail.com,3,attacker,4
436,Tabbatha,Burnside,Tabbatha.Burnside@yopmail.com,7,midfielder,5
437,Theodora,Ivens,Theodora.Ivens@yopmail.com,1,defender,6
438,Marleah,Plato,Marleah.Plato@yopmail.com,8,midfielder,1
439,Gisela,Roumell,Gisela.Roumell@yopmail.com,3,attacker,3
440,Katleen,Kannry,Katleen.Kannry@yopmail.com,6,defender,7
441,Barbi,Wooster,Barbi.Wooster@yopmail.com,3,midfielder,8
442,Georgetta,Adamsen,Georgetta.Adamsen@yopmail.com,0,attacker,8
443,Allis,Greyson,Allis.Greyson@yopmail.com,8,defender,0
444,Leeanne,Roumell,Leeanne.Roumell@yopmail.com,7,midfielder,7
445,Ilse,Faso,Ilse.Faso@yopmail.com,5,attacker,3
446,Deedee,Reinke,Deedee.Reinke@yopmail.com,1,midfielder,1
447,Nessie,Marijo,Nessie.Marijo@yopmail.com,3,defender,0
448,Henriette,Chobot,Henriette.Chobot@yopmail.com,7,defender,5
449,Donnie,Curren,Donnie.Curren@yopmail.com,0,attacker,5
450,Maridel,Myrilla,Maridel.Myrilla@yopmail.com,4,midfielder,6
451,Nelle,Barney,Nelle.Barney@yopmail.com,3,attacker,6
452,Quintina,Zrike,Quintina.Zrike@yopmail.com,7,defender,7
453,Corly,Pacorro,Corly.Pacorro@yopmail.com,7,defender,4
454,Meg,Corrine,Meg.Corrine@yopmail.com,6,midfielder,4
455,Mireielle,Mozelle,Mireielle.Mozelle@yopmail.com,6,midfielder,6
456,Lulita,Emanuel,Lulita.Emanuel@yopmail.com,0,defender,5
457,Kylynn,Kazimir,Kylynn.Kazimir@yopmail.com,0,midfielder,6
458,Elora,Sidonius,Elora.Sidonius@yopmail.com,8,defender,3
459,Nelle,Willie,Nelle.Willie@yopmail.com,4,attacker,3
460,Sabina,Brackely,Sabina.Brackely@yopmail.com,6,defender,1
461,Kittie,Rad,Kittie.Rad@yopmail.com,8,midfielder,4
462,Henriette,Alexandr,Henriette.Alexandr@yopmail.com,1,attacker,4
463,Daphne,Paine,Daphne.Paine@yopmail.com,8,defender,7
464,Jeanna,Fillbert,Jeanna.Fillbert@yopmail.com,7,attacker,0
465,Benita,Allare,Benita.Allare@yopmail.com,5,midfielder,2
466,Rosabelle,Hazlett,Rosabelle.Hazlett@yopmail.com,8,midfielder,8
467,Ardys,Gale,Ardys.Gale@yopmail.com,8,defender,2
468,Gusty,Lipson,Gusty.Lipson@yopmail.com,2,defender,0
469,Aeriela,Sikorski,Aeriela.Sikorski@yopmail.com,4,defender,0
470,Jacquetta,Goth,Jacquetta.Goth@yopmail.com,5,midfielder,3
471,Raina,Ferino,Raina.Ferino@yopmail.com,7,attacker,1
472,Phylis,Garrison,Phylis.Garrison@yopmail.com,8,defender,6
473,Florencia,McAdams,Florencia.McAdams@yopmail.com,0,midfielder,0
474,Annaliese,Revkah,Annaliese.Revkah@yopmail.com,0,midfielder,5
475,Cissiee,Levey,Cissiee.Levey@yopmail.com,3,attacker,7
476,Rori,Jethro,Rori.Jethro@yopmail.com,4,attacker,4
477,Zia,Catie,Zia.Catie@yopmail.com,0,defender,4
478,Jenilee,Kosey,Jenilee.Kosey@yopmail.com,6,defender,6
479,Ottilie,Lymann,Ottilie.Lymann@yopmail.com,3,defender,7
480,Raf,Yorick,Raf.Yorick@yopmail.com,1,attacker,4
481,Judy,Erminia,Judy.Erminia@yopmail.com,5,attacker,5
482,Roslyn,Hunfredo,Roslyn.Hunfredo@yopmail.com,8,defender,1
483,Emmey,Grobe,Emmey.Grobe@yopmail.com,7,defender,4
484,Mariele,Suanne,Mariele.Suanne@yopmail.com,0,midfielder,7
485,Rani,Diogenes,Rani.Diogenes@yopmail.com,4,defender,6
486,Tatiania,Kannry,Tatiania.Kannry@yopmail.com,0,attacker,3
487,Karena,Burkle,Karena.Burkle@yopmail.com,4,midfielder,7
488,Neila,Johnsson,Neila.Johnsson@yopmail.com,6,attacker,1
489,Asia,Wareing,Asia.Wareing@yopmail.com,6,attacker,2
490,Kristina,Mehalek,Kristina.Mehalek@yopmail.com,6,midfielder,6
491,Chere,Drus,Chere.Drus@yopmail.com,4,midfielder,8
492,Cacilie,Bettine,Cacilie.Bettine@yopmail.com,2,defender,6
493,Nataline,Liebermann,Nataline.Liebermann@yopmail.com,2,midfielder,5
494,Caryl,Granoff,Caryl.Granoff@yopmail.com,6,midfielder,3
495,Lilith,Gwenore,Lilith.Gwenore@yopmail.com,0,midfielder,3
496,Dyann,Woodberry,Dyann.Woodberry@yopmail.com,6,defender,4
497,Viki,Damarra,Viki.Damarra@yopmail.com,2,midfielder,6
498,Liana,Heisel,Liana.Heisel@yopmail.com,4,attacker,2
499,Mary,Sothena,Mary.Sothena@yopmail.com,2,midfielder,5
500,Nelle,Shirberg,Nelle.Shirberg@yopmail.com,6,attacker,6
501,Pierette,Ciapas,Pierette.Ciapas@yopmail.com,5,midfielder,2
502,Viviene,Grobe,Viviene.Grobe@yopmail.com,7,midfielder,3
503,Hallie,Hunfredo,Hallie.Hunfredo@yopmail.com,2,attacker,2
504,Rhea,Wind,Rhea.Wind@yopmail.com,1,midfielder,3
505,Melodie,Aloise,Melodie.Aloise@yopmail.com,8,midfielder,3
506,Carilyn,Ahab,Carilyn.Ahab@yopmail.com,0,defender,4
507,Kalina,Demitria,Kalina.Demitria@yopmail.com,1,attacker,1
508,Zaria,Masao,Zaria.Masao@yopmail.com,4,defender,5
509,Orsola,Hubert,Orsola.Hubert@yopmail.com,5,midfielder,5
510,Ethel,Margarete,Ethel.Margarete@yopmail.com,7,attacker,6
511,Adelle,Emmy,Adelle.Emmy@yopmail.com,8,midfielder,3
512,Dotty,Phi,Dotty.Phi@yopmail.com,8,attacker,1
513,Nataline,Tomasina,Nataline.Tomasina@yopmail.com,5,midfielder,6
514,Raf,Rona,Raf.Rona@yopmail.com,3,defender,5
515,Emilia,Olnee,Emilia.Olnee@yopmail.com,4,defender,6
516,Trixi,Gavrila,Trixi.Gavrila@yopmail.com,4,attacker,5
517,Rhea,Rebecka,Rhea.Rebecka@yopmail.com,1,attacker,1
518,Inga,Evvie,Inga.Evvie@yopmail.com,8,midfielder,4
519,Reeba,Leler,Reeba.Leler@yopmail.com,0,defender,6
520,Cyndie,Verger,Cyndie.Verger@yopmail.com,1,midfielder,3
521,Judy,Catie,Judy.Catie@yopmail.com,0,attacker,8
522,Barbara,Freddi,Barbara.Freddi@yopmail.com,0,attacker,6
523,Zsa Zsa,Thar,Zsa Zsa.Thar@yopmail.com,8,defender,3
524,Anthia,Montgomery,Anthia.Montgomery@yopmail.com,3,attacker,5
525,Dacia,Zamora,Dacia.Zamora@yopmail.com,2,defender,5
526,Marylou,Hanshaw,Marylou.Hanshaw@yopmail.com,0,midfielder,1
527,Tatiania,Rogerio,Tatiania.Rogerio@yopmail.com,5,defender,8
528,Felice,Neils,Felice.Neils@yopmail.com,4,attacker,2
529,Kore,Alcott,Kore.Alcott@yopmail.com,0,defender,2
530,Perry,Alrich,Perry.Alrich@yopmail.com,2,attacker,6
531,Nerta,Korey,Nerta.Korey@yopmail.com,8,attacker,4
532,Sandie,Soneson,Sandie.Soneson@yopmail.com,2,midfielder,6
533,Netty,Isidore,Netty.Isidore@yopmail.com,0,defender,6
534,Viviene,Merat,Viviene.Merat@yopmail.com,4,attacker,8
535,Robbi,Kunin,Robbi.Kunin@yopmail.com,0,midfielder,7
536,Elka,Maroney,Elka.Maroney@yopmail.com,4,defender,5
537,Fred,Rocray,Fred.Rocray@yopmail.com,6,midfielder,4
538,Layla,Posner,Layla.Posner@yopmail.com,2,defender,4
539,Florie,Gerge,Florie.Gerge@yopmail.com,1,midfielder,8
540,Teriann,Schenck,Teriann.Schenck@yopmail.com,2,defender,4
541,Phedra,Saint,Phedra.Saint@yopmail.com,0,defender,2
542,Rhea,Carbo,Rhea.Carbo@yopmail.com,6,attacker,3
543,Veda,Ricarda,Veda.Ricarda@yopmail.com,7,defender,5
544,Ayn,Haerr,Ayn.Haerr@yopmail.com,3,midfielder,0
545,Tatiania,Jefferey,Tatiania.Jefferey@yopmail.com,1,midfielder,4
546,Ann-Marie,Bevin,Ann-Marie.Bevin@yopmail.com,5,attacker,8
547,Cherrita,Swanhildas,Cherrita.Swanhildas@yopmail.com,5,midfielder,4
548,Emmey,Stacy,Emmey.Stacy@yopmail.com,2,defender,6
549,Frances,Gombach,Frances.Gombach@yopmail.com,8,midfielder,2
550,Cassondra,Yerkovich,Cassondra.Yerkovich@yopmail.com,1,midfielder,7
551,Ida,Maryanne,Ida.Maryanne@yopmail.com,6,midfielder,8
552,Teddie,Peg,Teddie.Peg@yopmail.com,0,midfielder,1
553,Alameda,Salchunas,Alameda.Salchunas@yopmail.com,7,defender,3
554,Gerianna,Gamaliel,Gerianna.Gamaliel@yopmail.com,1,attacker,6
555,Marsiella,Mayeda,Marsiella.Mayeda@yopmail.com,4,midfielder,6
556,Nickie,Linehan,Nickie.Linehan@yopmail.com,4,attacker,4
557,Mureil,Kazimir,Mureil.Kazimir@yopmail.com,0,midfielder,5
558,Gertrud,Fillbert,Gertrud.Fillbert@yopmail.com,1,midfielder,3
559,Sharlene,Neils,Sharlene.Neils@yopmail.com,2,attacker,4
560,Dania,Franza,Dania.Franza@yopmail.com,8,midfielder,1
561,Carmela,Strephon,Carmela.Strephon@yopmail.com,4,attacker,6
562,Dorene,Anis,Dorene.Anis@yopmail.com,3,midfielder,0
563,Annora,Ashely,Annora.Ashely@yopmail.com,7,attacker,1
564,Shandie,Arley,Shandie.Arley@yopmail.com,1,defender,8
565,Lynde,Glovsky,Lynde.Glovsky@yopmail.com,4,attacker,2
566,Korrie,Evangelia,Korrie.Evangelia@yopmail.com,5,defender,8
567,Aurelie,Sinegold,Aurelie.Sinegold@yopmail.com,6,midfielder,6
568,Harmonia,Screens,Harmonia.Screens@yopmail.com,2,attacker,6
569,Queenie,Pattin,Queenie.Pattin@yopmail.com,6,attacker,4
570,Lolita,Screens,Lolita.Screens@yopmail.com,6,defender,4
571,Tilly,Lane,Tilly.Lane@yopmail.com,1,defender,2
572,Carol-Jean,Katrine,Carol-Jean.Katrine@yopmail.com,4,attacker,3
573,Ricky,Halla,Ricky.Halla@yopmail.com,7,midfielder,6
574,Christal,Telfer,Christal.Telfer@yopmail.com,7,defender,4
575,Zia,Aaberg,Zia.Aaberg@yopmail.com,7,midfielder,3
576,Annaliese,Publia,Annaliese.Publia@yopmail.com,2,defender,0
577,Deane,An,Deane.An@yopmail.com,1,defender,1
578,Georgina,Yate,Georgina.Yate@yopmail.com,4,defender,2
579,Isa,Tufts,Isa.Tufts@yopmail.com,4,attacker,0
580,Annora,Jefferey,Annora.Jefferey@yopmail.com,8,defender,8
581,Silvana,Toni,Silvana.Toni@yopmail.com,5,defender,8
582,Hannis,Wattenberg,Hannis.Wattenberg@yopmail.com,8,midfielder,1
583,Tatiania,Hubert,Tatiania.Hubert@yopmail.com,5,defender,1
584,Kayla,Argus,Kayla.Argus@yopmail.com,8,midfielder,6
585,Elise,Saunderson,Elise.Saunderson@yopmail.com,2,attacker,1
586,Mureil,Billye,Mureil.Billye@yopmail.com,2,defender,4
587,Brooks,Munn,Brooks.Munn@yopmail.com,0,midfielder,7
588,Frank,Bronk,Frank.Bronk@yopmail.com,2,defender,2
589,Gwenneth,Annabella,Gwenneth.Annabella@yopmail.com,7,attacker,2
590,Lita,Pettiford,Lita.Pettiford@yopmail.com,4,attacker,0
591,Anallese,Briney,Anallese.Briney@yopmail.com,7,midfielder,5
592,Alie,Pyle,Alie.Pyle@yopmail.com,1,midfielder,6
593,Valeda,Valoniah,Valeda.Valoniah@yopmail.com,3,attacker,1
594,Fawne,Tryck,Fawne.Tryck@yopmail.com,7,defender,0
595,Orelia,Lumbard,Orelia.Lumbard@yopmail.com,7,defender,3
596,Lulita,Buttaro,Lulita.Buttaro@yopmail.com,3,defender,1
597,Cam,Donoghue,Cam.Donoghue@yopmail.com,1,defender,4
598,Liana,Ursulette,Liana.Ursulette@yopmail.com,3,defender,0
599,Anthia,Parsaye,Anthia.Parsaye@yopmail.com,0,midfielder,7
600,Hyacinthe,Elvyn,Hyacinthe.Elvyn@yopmail.com,6,attacker,5
601,Dennie,Mandler,Dennie.Mandler@yopmail.com,2,midfielder,8
602,Dulce,Standing,Dulce.Standing@yopmail.com,5,midfielder,1
603,Caritta,Caitlin,Caritta.Caitlin@yopmail.com,3,defender,2
604,Nonnah,Gaulin,Nonnah.Gaulin@yopmail.com,8,attacker,3
605,Dode,Fiester,Dode.Fiester@yopmail.com,8,defender,6
606,Clementine,Eiser,Clementine.Eiser@yopmail.com,8,attacker,3
607,Catrina,Smitt,Catrina.Smitt@yopmail.com,7,midfielder,5
608,Lindie,Klotz,Lindie.Klotz@yopmail.com,4,midfielder,5
609,Valeda,Evangelia,Valeda.Evangelia@yopmail.com,4,defender,2
610,Raquela,Gwenore,Raquela.Gwenore@yopmail.com,2,midfielder,1
611,Ebonee,Eiser,Ebonee.Eiser@yopmail.com,7,attacker,8
612,Charissa,Hertzfeld,Charissa.Hertzfeld@yopmail.com,5,midfielder,4
613,Theodora,Liva,Theodora.Liva@yopmail.com,2,midfielder,0
614,Candy,Loring,Candy.Loring@yopmail.com,6,defender,5
615,Jean,Kiyoshi,Jean.Kiyoshi@yopmail.com,1,defender,8
616,Hallie,Johnsson,Hallie.Johnsson@yopmail.com,6,attacker,6
617,Beth,Kaja,Beth.Kaja@yopmail.com,6,defender,8
618,Nita,Iphlgenia,Nita.Iphlgenia@yopmail.com,5,midfielder,2
619,Emmey,Sammons,Emmey.Sammons@yopmail.com,1,midfielder,5
620,Tatiania,Avi,Tatiania.Avi@yopmail.com,3,defender,2
621,Nonnah,Han,Nonnah.Han@yopmail.com,1,midfielder,5
622,Theodora,Briney,Theodora.Briney@yopmail.com,8,defender,2
623,Abbie,Riordan,Abbie.Riordan@yopmail.com,1,midfielder,7
624,Lita,Rugen,Lita.Rugen@yopmail.com,6,attacker,1
625,Anthia,Wooster,Anthia.Wooster@yopmail.com,5,defender,5
626,Leanna,Rocray,Leanna.Rocray@yopmail.com,5,defender,3
627,Ofilia,Sammons,Ofilia.Sammons@yopmail.com,8,attacker,6
628,Belva,Lucienne,Belva.Lucienne@yopmail.com,2,defender,4
629,Reeba,Faria,Reeba.Faria@yopmail.com,8,defender,2
630,Mellicent,Daniele,Mellicent.Daniele@yopmail.com,2,defender,1
631,Lelah,Cath,Lelah.Cath@yopmail.com,1,midfielder,6
632,Claresta,Hunfredo,Claresta.Hunfredo@yopmail.com,3,defender,6
633,Nita,Anton,Nita.Anton@yopmail.com,8,midfielder,1
634,Feliza,Duwalt,Feliza.Duwalt@yopmail.com,6,defender,2
635,Carree,Faust,Carree.Faust@yopmail.com,2,defender,6
636,Philis,Pond,Philis.Pond@yopmail.com,0,defender,7
637,Eolanda,Marsden,Eolanda.Marsden@yopmail.com,5,defender,8
638,Eugine,Lindemann,Eugine.Lindemann@yopmail.com,4,defender,0
639,Kittie,Cherianne,Kittie.Cherianne@yopmail.com,4,defender,1
640,Adriana,Wind,Adriana.Wind@yopmail.com,0,defender,8
641,Morganica,Cristi,Morganica.Cristi@yopmail.com,4,midfielder,5
642,Marguerite,Arquit,Marguerite.Arquit@yopmail.com,1,attacker,0
643,Christal,Weide,Christal.Weide@yopmail.com,3,defender,8
644,Marguerite,Neva,Marguerite.Neva@yopmail.com,0,defender,0
645,Melisent,Afton,Melisent.Afton@yopmail.com,8,midfielder,8
646,Minda,Garek,Minda.Garek@yopmail.com,4,midfielder,6
647,Lory,Capello,Lory.Capello@yopmail.com,4,midfielder,5
648,Zaria,Bollay,Zaria.Bollay@yopmail.com,2,defender,4
649,Dennie,Henrie,Dennie.Henrie@yopmail.com,2,midfielder,0
650,Annabela,Ajay,Annabela.Ajay@yopmail.com,7,attacker,6
651,Roseline,Charmine,Roseline.Charmine@yopmail.com,2,attacker,0
652,Kial,Bivins,Kial.Bivins@yopmail.com,5,attacker,4
653,Rori,Anton,Rori.Anton@yopmail.com,0,midfielder,8
654,Sharai,Goth,Sharai.Goth@yopmail.com,1,midfielder,1
655,Anthia,Bearnard,Anthia.Bearnard@yopmail.com,1,defender,7
656,Mahalia,Forrer,Mahalia.Forrer@yopmail.com,4,attacker,5
657,Roberta,Sandye,Roberta.Sandye@yopmail.com,7,midfielder,0
658,Aigneis,Kesley,Aigneis.Kesley@yopmail.com,0,defender,2
659,Tybie,Eliathas,Tybie.Eliathas@yopmail.com,0,attacker,8
660,Nerta,Kravits,Nerta.Kravits@yopmail.com,3,defender,5
661,Andeee,Heidt,Andeee.Heidt@yopmail.com,0,defender,0
662,Belva,Hermes,Belva.Hermes@yopmail.com,1,attacker,2
663,Dari,Faro,Dari.Faro@yopmail.com,7,attacker,0
664,Emelina,Ilka,Emelina.Ilka@yopmail.com,2,midfielder,0
665,Kalina,Amand,Kalina.Amand@yopmail.com,1,midfielder,4
666,Odessa,Emanuel,Odessa.Emanuel@yopmail.com,6,midfielder,0
667,Priscilla,Karylin,Priscilla.Karylin@yopmail.com,7,defender,6
668,Shell,LaRue,Shell.LaRue@yopmail.com,4,midfielder,1
669,Viki,Giule,Viki.Giule@yopmail.com,4,defender,1
670,Tersina,Yam,Tersina.Yam@yopmail.com,3,midfielder,4
671,Phedra,Damarra,Phedra.Damarra@yopmail.com,5,attacker,1
672,Olivette,Korey,Olivette.Korey@yopmail.com,4,attacker,8
673,Lulita,Francyne,Lulita.Francyne@yopmail.com,6,defender,4
674,Margalo,Pitt,Margalo.Pitt@yopmail.com,5,defender,0
675,Eve,Angelis,Eve.Angelis@yopmail.com,1,defender,4
676,Corly,Sharl,Corly.Sharl@yopmail.com,3,attacker,5
677,Dania,Jorgan,Dania.Jorgan@yopmail.com,1,attacker,2
678,Tobe,Alabaster,Tobe.Alabaster@yopmail.com,7,midfielder,0
679,Feliza,Tatianas,Feliza.Tatianas@yopmail.com,2,midfielder,8
680,Ericka,Weitman,Ericka.Weitman@yopmail.com,3,defender,8
681,Belinda,Jenness,Belinda.Jenness@yopmail.com,6,attacker,2
682,Sadie,Decato,Sadie.Decato@yopmail.com,0,midfielder,4
683,Belinda,Hanleigh,Belinda.Hanleigh@yopmail.com,7,midfielder,4
684,Ileana,Khorma,Ileana.Khorma@yopmail.com,3,midfielder,6
685,Tatiania,Hillel,Tatiania.Hillel@yopmail.com,8,attacker,3
686,Randa,Christine,Randa.Christine@yopmail.com,5,defender,2
687,Lusa,Bendick,Lusa.Bendick@yopmail.com,0,midfielder,4
688,Belinda,Callista,Belinda.Callista@yopmail.com,3,defender,1
689,Carmencita,Anis,Carmencita.Anis@yopmail.com,2,attacker,6
690,Jere,Dorothy,Jere.Dorothy@yopmail.com,4,attacker,4
691,Meriel,Clie,Meriel.Clie@yopmail.com,1,attacker,4
692,Veda,Freddi,Veda.Freddi@yopmail.com,0,attacker,0
693,Rosene,Montgomery,Rosene.Montgomery@yopmail.com,0,attacker,5
694,Alie,MacIntosh,Alie.MacIntosh@yopmail.com,8,attacker,1
695,Gui,Talia,Gui.Talia@yopmail.com,7,attacker,0
696,Roxane,Keily,Roxane.Keily@yopmail.com,5,defender,5
697,Lulita,Lanita,Lulita.Lanita@yopmail.com,1,attacker,5
698,Allyce,Fax,Allyce.Fax@yopmail.com,8,defender,2
699,Rivalee,Gherardo,Rivalee.Gherardo@yopmail.com,2,defender,5
700,Donetta,Pyle,Donetta.Pyle@yopmail.com,7,attacker,5
701,Basia,Bobbee,Basia.Bobbee@yopmail.com,4,attacker,6
702,Patricia,Alarise,Patricia.Alarise@yopmail.com,8,defender,0
703,Henriette,Ietta,Henriette.Ietta@yopmail.com,1,defender,0
704,Modestia,Jaylene,Modestia.Jaylene@yopmail.com,7,midfielder,5
705,Aeriela,Suzetta,Aeriela.Suzetta@yopmail.com,7,attacker,4
706,Yolane,Juliet,Yolane.Juliet@yopmail.com,0,midfielder,5
707,Dulcinea,Alexandr,Dulcinea.Alexandr@yopmail.com,8,defender,8
708,Lanna,Stover,Lanna.Stover@yopmail.com,5,defender,6
709,Nerta,Eachern,Nerta.Eachern@yopmail.com,3,defender,7
710,Katuscha,Cimbura,Katuscha.Cimbura@yopmail.com,4,attacker,6
711,Olivette,Loleta,Olivette.Loleta@yopmail.com,4,attacker,4
712,Rori,Weaks,Rori.Weaks@yopmail.com,2,midfielder,1
713,Marguerite,Philoo,Marguerite.Philoo@yopmail.com,7,defender,2
714,Tersina,Marlie,Tersina.Marlie@yopmail.com,3,defender,1
715,Sophia,Isidore,Sophia.Isidore@yopmail.com,5,attacker,1
716,Valli,Wilkinson,Valli.Wilkinson@yopmail.com,6,midfielder,1
717,Alleen,Lorenz,Alleen.Lorenz@yopmail.com,7,defender,1
718,Silvana,Hamil,Silvana.Hamil@yopmail.com,7,attacker,1
719,Jillayne,Weide,Jillayne.Weide@yopmail.com,4,attacker,6
720,Olwen,Odell,Olwen.Odell@yopmail.com,8,attacker,4
721,Fawne,O'Carroll,Fawne.O'Carroll@yopmail.com,4,midfielder,4
722,Judy,Chapland,Judy.Chapland@yopmail.com,0,attacker,7
723,Penelopa,Viddah,Penelopa.Viddah@yopmail.com,4,attacker,8
724,Charissa,Urania,Charissa.Urania@yopmail.com,0,defender,2
725,Yvonne,Linehan,Yvonne.Linehan@yopmail.com,8,attacker,1
726,Jenda,Blake,Jenda.Blake@yopmail.com,3,attacker,1
727,Rozele,Lindemann,Rozele.Lindemann@yopmail.com,6,midfielder,3
728,Constance,Stevy,Constance.Stevy@yopmail.com,3,defender,8
729,Dacia,Craggie,Dacia.Craggie@yopmail.com,8,defender,5
730,Lindie,Christine,Lindie.Christine@yopmail.com,3,midfielder,3
731,Beverley,Raffo,Beverley.Raffo@yopmail.com,4,attacker,4
732,Reeba,Gaulin,Reeba.Gaulin@yopmail.com,8,defender,5
733,Bettine,Raama,Bettine.Raama@yopmail.com,3,defender,5
734,Althea,Cottle,Althea.Cottle@yopmail.com,0,attacker,2
735,Allyce,Edvard,Allyce.Edvard@yopmail.com,2,defender,8
736,Shell,Munn,Shell.Munn@yopmail.com,1,defender,4
737,Fawne,Hanshaw,Fawne.Hanshaw@yopmail.com,7,attacker,8
738,Luci,Abernon,Luci.Abernon@yopmail.com,4,attacker,3
739,Kary,Leffen,Kary.Leffen@yopmail.com,7,defender,6
740,Melisent,Ludewig,Melisent.Ludewig@yopmail.com,4,attacker,0
741,Dale,Sherrie,Dale.Sherrie@yopmail.com,2,defender,1
742,Atlanta,Stav,Atlanta.Stav@yopmail.com,0,defender,4
743,Grier,Woodberry,Grier.Woodberry@yopmail.com,3,defender,5
744,Carly,Lutero,Carly.Lutero@yopmail.com,6,attacker,7
745,Katuscha,Ferrell,Katuscha.Ferrell@yopmail.com,8,defender,8
746,Kimberley,Nadia,Kimberley.Nadia@yopmail.com,7,defender,4
747,Charmaine,Isidore,Charmaine.Isidore@yopmail.com,7,midfielder,8
748,Allis,Anyah,Allis.Anyah@yopmail.com,5,attacker,7
749,Shauna,Terencio,Shauna.Terencio@yopmail.com,8,defender,4
750,Melisent,Hoban,Melisent.Hoban@yopmail.com,6,defender,1
751,Alyssa,Delp,Alyssa.Delp@yopmail.com,1,attacker,3
752,Jessy,Brackely,Jessy.Brackely@yopmail.com,5,defender,1
753,Jackie,Aloise,Jackie.Aloise@yopmail.com,6,attacker,3
754,Dagmar,Suk,Dagmar.Suk@yopmail.com,1,defender,7
755,Blondelle,Vorster,Blondelle.Vorster@yopmail.com,1,attacker,4
756,Sharlene,Casimir,Sharlene.Casimir@yopmail.com,8,midfielder,2
757,Aaren,Sheng,Aaren.Sheng@yopmail.com,4,attacker,2
758,Evita,Ferrell,Evita.Ferrell@yopmail.com,8,midfielder,0
759,Esmeralda,Levey,Esmeralda.Levey@yopmail.com,4,attacker,5
760,Deane,Mitzi,Deane.Mitzi@yopmail.com,2,defender,5
761,Jany,Brieta,Jany.Brieta@yopmail.com,5,defender,3
762,Tomasina,Raseda,Tomasina.Raseda@yopmail.com,6,defender,3
763,Marcelline,Burch,Marcelline.Burch@yopmail.com,2,midfielder,3
764,Clementine,Brieta,Clementine.Brieta@yopmail.com,8,midfielder,4
765,Sidoney,Girardo,Sidoney.Girardo@yopmail.com,3,midfielder,8
766,Dyann,Wattenberg,Dyann.Wattenberg@yopmail.com,8,midfielder,6
767,Susette,Nickola,Susette.Nickola@yopmail.com,1,midfielder,2
768,Joceline,Daveta,Joceline.Daveta@yopmail.com,0,midfielder,3
769,Diena,Plato,Diena.Plato@yopmail.com,4,midfielder,7
770,Alisha,Gale,Alisha.Gale@yopmail.com,1,defender,6
771,Emelina,Lemuela,Emelina.Lemuela@yopmail.com,0,attacker,7
772,Marti,Mauer,Marti.Mauer@yopmail.com,6,defender,4
773,Donnie,Chem,Donnie.Chem@yopmail.com,7,defender,7
774,Florie,Buckler,Florie.Buckler@yopmail.com,8,attacker,4
775,Tierney,Cottle,Tierney.Cottle@yopmail.com,0,attacker,7
776,Mallory,Eno,Mallory.Eno@yopmail.com,0,defender,6
777,Hyacinthe,Fennessy,Hyacinthe.Fennessy@yopmail.com,5,attacker,6
778,Julieta,Magnolia,Julieta.Magnolia@yopmail.com,1,midfielder,5
779,Cordi,Gladstone,Cordi.Gladstone@yopmail.com,1,attacker,6
780,Sibella,Johnsson,Sibella.Johnsson@yopmail.com,5,midfielder,8
781,Hannis,Santoro,Hannis.Santoro@yopmail.com,2,midfielder,5
782,Lory,Uird,Lory.Uird@yopmail.com,6,midfielder,8
783,Dominga,Guildroy,Dominga.Guildroy@yopmail.com,4,defender,2
784,Rochette,Gregrory,Rochette.Gregrory@yopmail.com,1,defender,8
785,Daphne,Leary,Daphne.Leary@yopmail.com,8,attacker,7
786,Melodie,Ehrman,Melodie.Ehrman@yopmail.com,6,defender,6
787,Lucy,Eliathas,Lucy.Eliathas@yopmail.com,8,attacker,8
788,Catharine,Aloise,Catharine.Aloise@yopmail.com,7,attacker,5
789,Nyssa,Gavrila,Nyssa.Gavrila@yopmail.com,2,attacker,4
790,Katuscha,Amadas,Katuscha.Amadas@yopmail.com,4,defender,3
791,Roberta,Taima,Roberta.Taima@yopmail.com,1,attacker,4
792,Raf,Marden,Raf.Marden@yopmail.com,5,defender,0
793,Lynnea,Zina,Lynnea.Zina@yopmail.com,0,midfielder,4
794,Juliane,Jary,Juliane.Jary@yopmail.com,6,midfielder,2
795,Vivia,Thornburg,Vivia.Thornburg@yopmail.com,5,defender,8
796,Ada,Chem,Ada.Chem@yopmail.com,8,defender,5
797,Therine,Nickola,Therine.Nickola@yopmail.com,3,defender,8
798,Brooks,Nunci,Brooks.Nunci@yopmail.com,2,attacker,2
799,Penelopa,Faso,Penelopa.Faso@yopmail.com,7,defender,7
800,Kaia,Whiffen,Kaia.Whiffen@yopmail.com,3,attacker,5
801,Wileen,Whittaker,Wileen.Whittaker@yopmail.com,6,defender,8
802,Andree,Dorine,Andree.Dorine@yopmail.com,4,defender,0
803,Mathilda,Jarib,Mathilda.Jarib@yopmail.com,3,midfielder,5
804,Odessa,Idelia,Odessa.Idelia@yopmail.com,8,attacker,6
805,Jerry,Bates,Jerry.Bates@yopmail.com,1,attacker,6
806,Jere,Rocray,Jere.Rocray@yopmail.com,2,defender,4
807,Elyssa,Dunkin,Elyssa.Dunkin@yopmail.com,4,defender,8
808,Tabbatha,Merna,Tabbatha.Merna@yopmail.com,5,defender,4
809,Deedee,Soneson,Deedee.Soneson@yopmail.com,1,attacker,3
810,Randa,Sundin,Randa.Sundin@yopmail.com,5,midfielder,5
811,Janenna,Noam,Janenna.Noam@yopmail.com,0,defender,0
812,Ardys,Jary,Ardys.Jary@yopmail.com,1,midfielder,2
813,Devina,Huggins,Devina.Huggins@yopmail.com,0,defender,1
814,Brooks,Abbot,Brooks.Abbot@yopmail.com,7,defender,4
815,Sharlene,Warthman,Sharlene.Warthman@yopmail.com,1,midfielder,7
816,Maye,Kirstin,Maye.Kirstin@yopmail.com,2,midfielder,5
817,Gratia,Denis,Gratia.Denis@yopmail.com,6,midfielder,8
818,Sadie,Xerxes,Sadie.Xerxes@yopmail.com,3,midfielder,2
819,Karena,Alva,Karena.Alva@yopmail.com,5,midfielder,7
820,Vinita,Gahl,Vinita.Gahl@yopmail.com,1,midfielder,6
821,Kylynn,Ramona,Kylynn.Ramona@yopmail.com,3,defender,4
822,Brooks,Sinegold,Brooks.Sinegold@yopmail.com,0,attacker,6
823,Queenie,Susannah,Queenie.Susannah@yopmail.com,4,defender,5
824,Devina,Craggie,Devina.Craggie@yopmail.com,4,defender,6
825,Raf,Lissi,Raf.Lissi@yopmail.com,5,defender,1
826,Winny,Gillan,Winny.Gillan@yopmail.com,0,midfielder,3
827,Kittie,Merat,Kittie.Merat@yopmail.com,0,midfielder,6
828,Roslyn,Nelsen,Roslyn.Nelsen@yopmail.com,7,attacker,7
829,Selma,Freddi,Selma.Freddi@yopmail.com,2,attacker,2
830,Vivia,Eben,Vivia.Eben@yopmail.com,8,midfielder,5
831,Binny,Verger,Binny.Verger@yopmail.com,0,attacker,6
832,Elka,Anselmi,Elka.Anselmi@yopmail.com,0,defender,6
833,Janenna,Daniele,Janenna.Daniele@yopmail.com,7,midfielder,7
834,Randa,Thema,Randa.Thema@yopmail.com,8,attacker,8
835,Kirstin,Iaverne,Kirstin.Iaverne@yopmail.com,7,midfielder,3
836,Bibby,Corabella,Bibby.Corabella@yopmail.com,7,attacker,6
837,Tersina,Chinua,Tersina.Chinua@yopmail.com,1,defender,3
838,Kittie,Nester,Kittie.Nester@yopmail.com,4,defender,4
839,Deane,Hunfredo,Deane.Hunfredo@yopmail.com,1,defender,0
840,Harrietta,Birdella,Harrietta.Birdella@yopmail.com,4,midfielder,0
841,Vanessa,Ortrude,Vanessa.Ortrude@yopmail.com,7,midfielder,2
842,Cherrita,Weaks,Cherrita.Weaks@yopmail.com,1,defender,4
843,Shaylyn,Boehike,Shaylyn.Boehike@yopmail.com,4,defender,8
844,Susette,Ailyn,Susette.Ailyn@yopmail.com,8,midfielder,3
845,Monika,Eiser,Monika.Eiser@yopmail.com,4,defender,3
846,Myriam,Bivins,Myriam.Bivins@yopmail.com,2,defender,2
847,Maye,Wind,Maye.Wind@yopmail.com,4,midfielder,0
848,Ottilie,Armanda,Ottilie.Armanda@yopmail.com,2,midfielder,2
849,Ada,Mich,Ada.Mich@yopmail.com,7,defender,3
850,Fredericka,Ellord,Fredericka.Ellord@yopmail.com,1,midfielder,6
851,Anica,Zuzana,Anica.Zuzana@yopmail.com,5,midfielder,7
852,Bertine,Madelene,Bertine.Madelene@yopmail.com,8,attacker,7
853,Mireielle,Rooney,Mireielle.Rooney@yopmail.com,3,defender,1
854,Kathi,Eiser,Kathi.Eiser@yopmail.com,0,defender,7
855,Asia,Sabella,Asia.Sabella@yopmail.com,6,defender,3
856,Ardys,Gamaliel,Ardys.Gamaliel@yopmail.com,4,midfielder,4
857,Barbara,Joachim,Barbara.Joachim@yopmail.com,2,attacker,0
858,Madalyn,Andrel,Madalyn.Andrel@yopmail.com,8,defender,5
859,Daphne,Rodmann,Daphne.Rodmann@yopmail.com,2,attacker,1
860,Sallie,Ephrem,Sallie.Ephrem@yopmail.com,3,midfielder,6
861,Elsie,Lory,Elsie.Lory@yopmail.com,2,midfielder,5
862,Jeanna,Peonir,Jeanna.Peonir@yopmail.com,8,defender,8
863,Flory,Michella,Flory.Michella@yopmail.com,2,attacker,3
864,Brianna,Romelda,Brianna.Romelda@yopmail.com,1,midfielder,4
865,Pearline,Toor,Pearline.Toor@yopmail.com,5,midfielder,1
866,Clary,Berard,Clary.Berard@yopmail.com,5,midfielder,8
867,Marti,Yuille,Marti.Yuille@yopmail.com,1,attacker,6
868,Arlina,Rolf,Arlina.Rolf@yopmail.com,7,midfielder,1
869,Sindee,Shelba,Sindee.Shelba@yopmail.com,2,midfielder,6
870,Lynea,Viddah,Lynea.Viddah@yopmail.com,4,attacker,3
871,Leanna,Zina,Leanna.Zina@yopmail.com,5,midfielder,1
872,Jenda,Payson,Jenda.Payson@yopmail.com,0,defender,6
873,Brietta,Schwejda,Brietta.Schwejda@yopmail.com,2,attacker,0
874,Feliza,Timon,Feliza.Timon@yopmail.com,7,midfielder,5
875,Nicoli,Stav,Nicoli.Stav@yopmail.com,7,attacker,5
876,Nita,Gladstone,Nita.Gladstone@yopmail.com,7,defender,3
877,Silvana,Jarib,Silvana.Jarib@yopmail.com,3,midfielder,8
878,Gloria,Constancy,Gloria.Constancy@yopmail.com,0,attacker,4
879,Queenie,Jerald,Queenie.Jerald@yopmail.com,0,attacker,8
880,Kathy,Timon,Kathy.Timon@yopmail.com,4,midfielder,1
881,Marguerite,Tengdin,Marguerite.Tengdin@yopmail.com,0,midfielder,7
882,Gertrud,Alarise,Gertrud.Alarise@yopmail.com,6,midfielder,0
883,Mary,Gregrory,Mary.Gregrory@yopmail.com,0,midfielder,8
884,Michaelina,Lane,Michaelina.Lane@yopmail.com,2,midfielder,2
885,Dianemarie,Letsou,Dianemarie.Letsou@yopmail.com,0,defender,7
886,Jere,Lewes,Jere.Lewes@yopmail.com,8,defender,2
887,Addia,Rurik,Addia.Rurik@yopmail.com,7,midfielder,3
888,Hermione,Kimmie,Hermione.Kimmie@yopmail.com,0,defender,1
889,Vivia,Jorgan,Vivia.Jorgan@yopmail.com,7,midfielder,3
890,Kate,August,Kate.August@yopmail.com,1,defender,1
891,Binny,Darrell,Binny.Darrell@yopmail.com,5,defender,1
892,Clo,Bryna,Clo.Bryna@yopmail.com,2,attacker,6
893,Janenna,Podvin,Janenna.Podvin@yopmail.com,4,attacker,0
894,Silvana,Claudine,Silvana.Claudine@yopmail.com,7,midfielder,6
895,Clary,Lowry,Clary.Lowry@yopmail.com,6,attacker,4
896,Cindelyn,Cath,Cindelyn.Cath@yopmail.com,1,defender,8
897,Patricia,Christal,Patricia.Christal@yopmail.com,1,defender,8
898,Kellen,Nisbet,Kellen.Nisbet@yopmail.com,5,attacker,8
899,Cherilyn,Greenwald,Cherilyn.Greenwald@yopmail.com,7,midfielder,3
900,Petronia,Anyah,Petronia.Anyah@yopmail.com,3,defender,6
901,Albertina,Noman,Albertina.Noman@yopmail.com,1,midfielder,8
902,Kenna,Arvo,Kenna.Arvo@yopmail.com,5,attacker,1
903,Brianna,Radu,Brianna.Radu@yopmail.com,6,attacker,0
904,Glynnis,Maples,Glynnis.Maples@yopmail.com,7,defender,1
905,Stevana,Capello,Stevana.Capello@yopmail.com,0,defender,4
906,Dari,Bibi,Dari.Bibi@yopmail.com,5,attacker,6
907,Rebeca,Ivens,Rebeca.Ivens@yopmail.com,3,defender,1
908,Sheree,Winnick,Sheree.Winnick@yopmail.com,0,attacker,6
909,Gianina,Uund,Gianina.Uund@yopmail.com,0,attacker,3
910,Wendi,Leopold,Wendi.Leopold@yopmail.com,6,midfielder,3
911,Evita,Charmine,Evita.Charmine@yopmail.com,8,midfielder,3
912,Nicoli,Monaco,Nicoli.Monaco@yopmail.com,7,midfielder,2
913,Sashenka,Helfand,Sashenka.Helfand@yopmail.com,5,attacker,6
914,Gaylene,Izaak,Gaylene.Izaak@yopmail.com,1,attacker,3
915,Chere,Lucienne,Chere.Lucienne@yopmail.com,8,midfielder,4
916,Darlleen,Abernon,Darlleen.Abernon@yopmail.com,1,midfielder,4
917,Georgetta,Gilbertson,Georgetta.Gilbertson@yopmail.com,7,midfielder,4
918,Ricky,Dash,Ricky.Dash@yopmail.com,5,attacker,8
919,Aili,Eachern,Aili.Eachern@yopmail.com,3,attacker,6
920,Rayna,Dimitris,Rayna.Dimitris@yopmail.com,6,attacker,1
921,Aili,Tannie,Aili.Tannie@yopmail.com,0,attacker,5
922,Rhoda,Vacuva,Rhoda.Vacuva@yopmail.com,8,attacker,3
923,Talya,Leonard,Talya.Leonard@yopmail.com,4,defender,3
924,Arlina,Stoller,Arlina.Stoller@yopmail.com,6,midfielder,2
925,Kaia,Stephie,Kaia.Stephie@yopmail.com,3,attacker,5
926,Bertine,Kaja,Bertine.Kaja@yopmail.com,1,defender,6
927,Gilligan,Ferrell,Gilligan.Ferrell@yopmail.com,2,midfielder,8
928,Patricia,Bury,Patricia.Bury@yopmail.com,7,midfielder,8
929,Ethel,Estella,Ethel.Estella@yopmail.com,1,attacker,4
930,Ginnie,Nikaniki,Ginnie.Nikaniki@yopmail.com,8,midfielder,5
931,Gratia,Caitlin,Gratia.Caitlin@yopmail.com,4,midfielder,7
932,Drucie,Japeth,Drucie.Japeth@yopmail.com,5,attacker,0
933,Rhea,Bates,Rhea.Bates@yopmail.com,2,defender,0
934,Lynde,Riordan,Lynde.Riordan@yopmail.com,5,attacker,5
935,Jacenta,Urania,Jacenta.Urania@yopmail.com,3,defender,6
936,Katharina,Carlson,Katharina.Carlson@yopmail.com,7,defender,3
937,Dorene,Elbertina,Dorene.Elbertina@yopmail.com,5,attacker,4
938,Di,Bouchard,Di.Bouchard@yopmail.com,1,attacker,8
939,Ida,Syd,Ida.Syd@yopmail.com,8,defender,0
940,Deloria,Georas,Deloria.Georas@yopmail.com,5,attacker,4
941,Lisette,Dimitris,Lisette.Dimitris@yopmail.com,0,attacker,3
942,Desirae,Junie,Desirae.Junie@yopmail.com,3,midfielder,8
943,Phylis,Pattin,Phylis.Pattin@yopmail.com,7,midfielder,4
944,Rubie,Maroney,Rubie.Maroney@yopmail.com,3,attacker,6
945,Beatriz,Wandie,Beatriz.Wandie@yopmail.com,0,midfielder,3
946,Moyna,Teryn,Moyna.Teryn@yopmail.com,1,attacker,6
947,Emmey,Lay,Emmey.Lay@yopmail.com,2,attacker,2
948,Jeanna,Vittoria,Jeanna.Vittoria@yopmail.com,3,attacker,1
949,Jordan,Richers,Jordan.Richers@yopmail.com,2,midfielder,8
950,Esmeralda,Shaddock,Esmeralda.Shaddock@yopmail.com,6,midfielder,1
951,Edee,Alexandr,Edee.Alexandr@yopmail.com,8,defender,2
952,Barbara,Anyah,Barbara.Anyah@yopmail.com,4,attacker,8
953,Celene,Bivins,Celene.Bivins@yopmail.com,7,midfielder,0
954,Anallese,Ball,Anallese.Ball@yopmail.com,1,defender,4
955,Marguerite,Hanleigh,Marguerite.Hanleigh@yopmail.com,3,midfielder,7
956,Gusty,Chinua,Gusty.Chinua@yopmail.com,1,defender,0
957,Ivett,Gower,Ivett.Gower@yopmail.com,7,midfielder,2
958,Fayre,Tayib,Fayre.Tayib@yopmail.com,3,midfielder,5
959,Fidelia,Brandice,Fidelia.Brandice@yopmail.com,8,attacker,4
960,Demetris,August,Demetris.August@yopmail.com,4,midfielder,1
961,Bertine,Hewitt,Bertine.Hewitt@yopmail.com,5,midfielder,4
962,Kathi,Quinn,Kathi.Quinn@yopmail.com,2,defender,5
963,Ezmeralda,Pettiford,Ezmeralda.Pettiford@yopmail.com,3,attacker,1
964,Pierette,Gahl,Pierette.Gahl@yopmail.com,3,attacker,6
965,Sarette,O'Carroll,Sarette.O'Carroll@yopmail.com,6,defender,3
966,Consuela,Jess,Consuela.Jess@yopmail.com,4,defender,6
967,Thalia,Ackerley,Thalia.Ackerley@yopmail.com,7,midfielder,7
968,Ellette,Madox,Ellette.Madox@yopmail.com,8,defender,4
969,Rubie,Sasnett,Rubie.Sasnett@yopmail.com,7,midfielder,6
970,Dorene,LaRue,Dorene.LaRue@yopmail.com,5,defender,5
971,Robinia,Sinegold,Robinia.Sinegold@yopmail.com,7,attacker,2
972,Ira,Sharl,Ira.Sharl@yopmail.com,7,attacker,6
973,Nessie,Dituri,Nessie.Dituri@yopmail.com,1,attacker,5
974,Rani,Monaco,Rani.Monaco@yopmail.com,3,attacker,8
975,Alex,Yuille,Alex.Yuille@yopmail.com,5,midfielder,0
976,Ursulina,Martguerita,Ursulina.Martguerita@yopmail.com,2,attacker,7
977,Cyndie,Niccolo,Cyndie.Niccolo@yopmail.com,4,attacker,0
978,Lucy,Afton,Lucy.Afton@yopmail.com,3,defender,3
979,Alameda,Sallyann,Alameda.Sallyann@yopmail.com,8,attacker,2
980,Phylis,Sothena,Phylis.Sothena@yopmail.com,8,midfielder,3
981,Rhea,Marlie,Rhea.Marlie@yopmail.com,7,attacker,6
982,Lanna,Desai,Lanna.Desai@yopmail.com,6,defender,7
983,Mildrid,Old,Mildrid.Old@yopmail.com,2,midfielder,4
984,Joeann,Han,Joeann.Han@yopmail.com,8,midfielder,1
985,Starla,Fennessy,Starla.Fennessy@yopmail.com,1,defender,7
986,Ricky,Valerio,Ricky.Valerio@yopmail.com,6,attacker,8
987,Sandie,Tamsky,Sandie.Tamsky@yopmail.com,4,midfielder,3
988,Morganica,Behre,Morganica.Behre@yopmail.com,2,midfielder,5
989,Maryellen,Elsinore,Maryellen.Elsinore@yopmail.com,3,midfielder,1
990,Asia,Eben,Asia.Eben@yopmail.com,8,defender,0
991,Starla,Olympium,Starla.Olympium@yopmail.com,6,defender,2
992,Madelle,Bandeen,Madelle.Bandeen@yopmail.com,2,defender,2
993,Demetris,Zenas,Demetris.Zenas@yopmail.com,3,defender,8
994,Katleen,Joseph,Katleen.Joseph@yopmail.com,3,defender,1
995,Halette,Diann,Halette.Diann@yopmail.com,3,midfielder,5
996,Catrina,Brunell,Catrina.Brunell@yopmail.com,4,attacker,0
997,Marline,Lorain,Marline.Lorain@yopmail.com,7,attacker,6
998,Lauryn,Revkah,Lauryn.Revkah@yopmail.com,6,defender,6
999,Mathilda,Mehalek,Mathilda.Mehalek@yopmail.com,6,defender,6
1000,Marinna,Deegan,Marinna.Deegan@yopmail.com,3,attacker,1
1001,Priscilla,Rugen,Priscilla.Rugen@yopmail.com,2,defender,3
1002,Flory,Zina,Flory.Zina@yopmail.com,5,attacker,3
1003,Tani,Edvard,Tani.Edvard@yopmail.com,6,attacker,6
1004,Livvyy,Roscoe,Livvyy.Roscoe@yopmail.com,1,attacker,7
1005,Sharlene,Ioab,Sharlene.Ioab@yopmail.com,0,attacker,6
1006,Rivalee,Nerita,Rivalee.Nerita@yopmail.com,5,midfielder,7
1007,Cristine,Braun,Cristine.Braun@yopmail.com,7,attacker,3
1008,Andree,Ardra,Andree.Ardra@yopmail.com,4,attacker,7
1009,Amelia,Allare,Amelia.Allare@yopmail.com,3,attacker,4
1010,Sean,Colleen,Sean.Colleen@yopmail.com,2,attacker,4
1011,Lucille,Mendez,Lucille.Mendez@yopmail.com,2,midfielder,7
1012,Louella,Kermit,Louella.Kermit@yopmail.com,0,midfielder,8
1013,Emma,Gregrory,Emma.Gregrory@yopmail.com,0,attacker,2
1014,Carree,Christine,Carree.Christine@yopmail.com,2,midfielder,5
1015,Sabina,Sperling,Sabina.Sperling@yopmail.com,3,midfielder,4
1016,Ofilia,Wildermuth,Ofilia.Wildermuth@yopmail.com,5,midfielder,1
1017,Mary,Helve,Mary.Helve@yopmail.com,6,defender,4
1018,Rozele,Byrne,Rozele.Byrne@yopmail.com,8,attacker,5
1019,Teddie,Ralfston,Teddie.Ralfston@yopmail.com,8,attacker,3
1020,Esmeralda,Center,Esmeralda.Center@yopmail.com,2,midfielder,1
1021,Jemie,Dowski,Jemie.Dowski@yopmail.com,4,defender,2
1022,Tonia,Ashely,Tonia.Ashely@yopmail.com,3,defender,5
1023,Sashenka,Nadia,Sashenka.Nadia@yopmail.com,1,defender,3
1024,Norine,Pillsbury,Norine.Pillsbury@yopmail.com,5,midfielder,4
1025,Hyacinthe,Corabella,Hyacinthe.Corabella@yopmail.com,0,defender,7
1026,June,Vale,June.Vale@yopmail.com,1,defender,0
1027,Margette,Graig,Margette.Graig@yopmail.com,4,midfielder,5
1028,Elise,Durante,Elise.Durante@yopmail.com,0,attacker,5
1029,Thalia,Tamsky,Thalia.Tamsky@yopmail.com,5,defender,3
1030,Ardenia,Bach,Ardenia.Bach@yopmail.com,2,attacker,1
1031,Angelique,Moina,Angelique.Moina@yopmail.com,2,defender,3
1032,Fred,Ader,Fred.Ader@yopmail.com,4,defender,5
1033,Edee,Koehler,Edee.Koehler@yopmail.com,6,attacker,5
1034,Coral,Francene,Coral.Francene@yopmail.com,6,attacker,0
1035,Mallory,Charity,Mallory.Charity@yopmail.com,0,attacker,1
1036,Lily,Minetta,Lily.Minetta@yopmail.com,6,attacker,0
1037,Florie,Gombach,Florie.Gombach@yopmail.com,5,attacker,6
1038,Brianna,Clarissa,Brianna.Clarissa@yopmail.com,7,defender,4
1039,Lorenza,Viddah,Lorenza.Viddah@yopmail.com,1,attacker,6
1040,Meg,Trace,Meg.Trace@yopmail.com,8,attacker,8
1041,Jinny,Billye,Jinny.Billye@yopmail.com,5,defender,4
1042,Malina,Cassius,Malina.Cassius@yopmail.com,4,midfielder,0
1043,Jacenta,Flyn,Jacenta.Flyn@yopmail.com,4,attacker,4
1044,Eve,Buttaro,Eve.Buttaro@yopmail.com,0,defender,3
1045,Melodie,Viddah,Melodie.Viddah@yopmail.com,4,attacker,3
1046,Emelina,Erminia,Emelina.Erminia@yopmail.com,7,defender,3
1047,Belinda,Lorain,Belinda.Lorain@yopmail.com,0,midfielder,6
1048,Renie,Cornelia,Renie.Cornelia@yopmail.com,6,defender,7
1049,Allis,Rugen,Allis.Rugen@yopmail.com,0,defender,0
1050,Dorthy,Mendez,Dorthy.Mendez@yopmail.com,3,midfielder,8
1051,Clarice,Lorain,Clarice.Lorain@yopmail.com,7,attacker,7
1052,Debee,Gladstone,Debee.Gladstone@yopmail.com,2,defender,2
1053,Berta,Yam,Berta.Yam@yopmail.com,3,midfielder,0
1054,Gavrielle,Kenney,Gavrielle.Kenney@yopmail.com,2,attacker,7
1055,Gratia,Gahl,Gratia.Gahl@yopmail.com,3,defender,4
1056,Brena,Eldrid,Brena.Eldrid@yopmail.com,0,attacker,4
1057,Regina,Rodmann,Regina.Rodmann@yopmail.com,8,midfielder,5
1058,Codie,August,Codie.August@yopmail.com,2,midfielder,4
1059,Georgetta,Aurelio,Georgetta.Aurelio@yopmail.com,4,defender,4
1060,Annabela,Audly,Annabela.Audly@yopmail.com,3,midfielder,2
1061,Mamie,Greyson,Mamie.Greyson@yopmail.com,0,defender,3
1062,Kenna,Selway,Kenna.Selway@yopmail.com,8,defender,8
1063,Violet,Lory,Violet.Lory@yopmail.com,3,midfielder,5
1064,Kial,Socha,Kial.Socha@yopmail.com,2,attacker,0
1065,Jobi,Noelyn,Jobi.Noelyn@yopmail.com,6,attacker,8
1066,Donnie,Noelyn,Donnie.Noelyn@yopmail.com,2,midfielder,8
1067,Ada,Woodberry,Ada.Woodberry@yopmail.com,8,attacker,3
1068,Carilyn,Lory,Carilyn.Lory@yopmail.com,3,attacker,6
1069,Sidoney,Vale,Sidoney.Vale@yopmail.com,3,midfielder,6
1070,Perry,Caitlin,Perry.Caitlin@yopmail.com,0,midfielder,1
1071,Letizia,Skell,Letizia.Skell@yopmail.com,3,defender,1
1072,Christal,Francene,Christal.Francene@yopmail.com,0,attacker,8
1073,Kristan,Darian,Kristan.Darian@yopmail.com,4,attacker,7
1074,Brandise,Greyson,Brandise.Greyson@yopmail.com,2,attacker,6
1075,Joeann,Hollingsworth,Joeann.Hollingsworth@yopmail.com,2,defender,3
1076,Deirdre,Bronk,Deirdre.Bronk@yopmail.com,8,defender,3
1077,Winifred,Engdahl,Winifred.Engdahl@yopmail.com,0,midfielder,7
1078,Marcelline,Persse,Marcelline.Persse@yopmail.com,6,midfielder,2
1079,Sadie,Weide,Sadie.Weide@yopmail.com,2,defender,3
1080,Raquela,Hessler,Raquela.Hessler@yopmail.com,3,midfielder,3
1081,Joceline,Alrich,Joceline.Alrich@yopmail.com,1,attacker,1
1082,Orsola,Hull,Orsola.Hull@yopmail.com,1,midfielder,3
1083,Nollie,Paine,Nollie.Paine@yopmail.com,7,midfielder,0
1084,Danika,Mintz,Danika.Mintz@yopmail.com,4,attacker,7
1085,Alia,Woodberry,Alia.Woodberry@yopmail.com,0,midfielder,4
1086,Katleen,Burch,Katleen.Burch@yopmail.com,7,midfielder,6
1087,Nessie,Rebecka,Nessie.Rebecka@yopmail.com,6,defender,2
1088,Clementine,Lane,Clementine.Lane@yopmail.com,5,attacker,5
1089,Celisse,Vins,Celisse.Vins@yopmail.com,5,attacker,1
1090,Cam,Faro,Cam.Faro@yopmail.com,3,defender,7
1091,Neila,Chrystel,Neila.Chrystel@yopmail.com,1,midfielder,1
1092,Ricky,Lymann,Ricky.Lymann@yopmail.com,0,attacker,8
1093,Shandie,Hirsch,Shandie.Hirsch@yopmail.com,0,attacker,3
1094,Correy,Cimbura,Correy.Cimbura@yopmail.com,0,midfielder,5
1095,Ana,Stanwood,Ana.Stanwood@yopmail.com,3,midfielder,0
1096,Gianina,Brandice,Gianina.Brandice@yopmail.com,2,attacker,1
1097,Dorothy,Adalbert,Dorothy.Adalbert@yopmail.com,4,defender,6
1098,Raquela,Lay,Raquela.Lay@yopmail.com,5,midfielder,6
1099,Ketti,Remmer,Ketti.Remmer@yopmail.com,6,defender,1
